{"cameraMode":{"drawMode":0,"name":"Shaded","section":"Shading Mode"},"sceneLighting":false,"audioPlay":false,"sceneViewState":{"showFog":true,"showMaterialUpdate":false,"showSkybox":false,"showFlares":true,"showImageEffects":true,"showParticleSystems":true},"in2DMode":false,"pivot":{"x":-7.4697160720825199,"y":5.496641159057617,"z":-4.144976615905762},"rotation":{"x":0.07347021996974945,"y":0.9232284426689148,"z":-0.22299866378307343,"w":0.3042060434818268},"size":5.0609660148620609,"orthographic":true}