{"cameraMode":{"drawMode":0,"name":"Shaded","section":"Shading Mode"},"sceneLighting":true,"audioPlay":false,"sceneViewState":{"showFog":true,"showMaterialUpdate":false,"showSkybox":true,"showFlares":true,"showImageEffects":true,"showParticleSystems":true},"in2DMode":false,"pivot":{"x":8.34765625,"y":1.1630859375,"z":-29.431884765625},"rotation":{"x":0.03870140388607979,"y":0.9594523310661316,"z":-0.16419506072998048,"w":0.22595296800136567},"size":19.393632888793947,"orthographic":true}