{"cameraMode":{"drawMode":0,"name":"Shaded","section":"Shading Mode"},"sceneLighting":false,"audioPlay":false,"sceneViewState":{"showFog":true,"showMaterialUpdate":false,"showSkybox":false,"showFlares":true,"showImageEffects":true,"showParticleSystems":true},"in2DMode":false,"pivot":{"x":4.76837158203125e-7,"y":-1.516376256942749,"z":-1.9630582332611085},"rotation":{"x":0.11583668738603592,"y":0.8792270421981812,"z":-0.2734326720237732,"w":0.3725641667842865},"size":3.8126988410949709,"orthographic":true}